{"cameraMode":{"drawMode":0,"name":"Shaded","section":"Shading Mode"},"sceneLighting":true,"audioPlay":false,"sceneViewState":{"m_AlwaysRefresh":false,"showFog":true,"showSkybox":true,"showFlares":true,"showImageEffects":true,"showParticleSystems":true,"showVisualEffectGraphs":true,"m_FxEnabled":true},"in2DMode":false,"pivot":{"x":1.4954107999801636,"y":2.2598886489868166,"z":6.974629878997803},"rotation":{"x":0.6728079319000244,"y":-0.002219803398475051,"z":0.002018623985350132,"w":0.7398130297660828},"size":31.54308319091797,"orthographic":false}