{"cameraMode":{"drawMode":0,"name":"Shaded","section":"Shading Mode"},"sceneLighting":false,"audioPlay":false,"sceneViewState":{"m_AlwaysRefresh":false,"showFog":true,"showSkybox":false,"showFlares":true,"showImageEffects":true,"showParticleSystems":true,"showVisualEffectGraphs":true,"m_FxEnabled":true},"in2DMode":false,"pivot":{"x":-20.010000228881837,"y":4.15500020980835,"z":26.80000114440918},"rotation":{"x":-0.7151338458061218,"y":0.0004168243904132396,"z":-0.00042761871009133756,"w":-0.6989959478378296},"size":1.9070063829421998,"orthographic":false}